"grna","score_deephf","score_ruleset1","score_azimuth","lfc","variant"
"CTTGTGCTGACTTACCAGAT",0.501367568969727,0.267809743764861,0.572520145397516,-0.549470154855018,"not_targeting"
"TCTTGTGCTGACTTACCAGA",0.617596089839935,0.654732587403045,0.585656372984872,-2.24903666043197,"not_targeting"
"AAATCTTAGAGTGTCCCATC",0.36444303393364,0.0371803486042909,0.537248676070224,0.217791077684094,"silent"
"TGCTAGTCTGGAGTTGATCA",0.619764447212219,0.0526819660059618,0.544003644133692,-0.378769452263164,"silent"
"AAATATGTGGTCACACTTTG",0.438288629055023,0.0451583745502118,0.610230208047549,0.229013526297198,"missense"
"AAACTTACTTGCAAAATATG",0.380995601415634,0.102679266145669,0.578115498126442,-0.884307500202823,"silent"
"ACTGTGAAGGCCCTTTCTTC",0.381222367286682,0.0257373779890731,0.251421913878159,0.0843638102065179,"silent"
"AACTTCTCAACCAGAAGAAA",0.525697827339172,0.236620199517293,0.425750213115613,-1.35285336680161,"missense"
"TTACATAAAGGACACTGTGA",0.631266355514526,0.179707083386222,0.672498275197507,-1.32053734742816,"missense"
"GTTATATCATTCTTACATAA",0.391535639762878,0.155617753038199,0.439571628185214,-1.5606419492377,"missense"
"TTACCAAATTATATACCTTT",0.353808283805847,0.214230767192278,0.287998669818078,-0.974938871471205,"not_targeting"
"GTAAGAATGATATAACCAAA",0.657658636569977,0.733928515862225,0.592528917968732,-1.53671038741693,"missense"
"TAAATCTCGTACTTTCTTGT",0.412853688001633,0.0710520213682647,0.400697504389907,-0.0426159197267341,"missense"
"GGTTTCTGTAGCCCATACTT",0.424193561077118,0.312462514507845,0.437455467661006,-0.146997537931305,"missense"
"AGTTTCTATCATCCAAAGTA",0.554984211921692,0.040311035052698,0.399575685800762,-0.757395761011737,"missense"
"GTTTCTATCATCCAAAGTAT",0.516931295394897,0.373418160513357,0.593526642064051,-0.771293651005352,"missense"
"TTCACTCTGTAGAAGTCTTT",0.3233742415905,0.0410036278495727,0.289430860118386,0.189257597774503,"missense"
"TGAACCCGAAAATCCTTCCT",0.486057341098785,0.134601465428442,0.507189320539661,0.431886299721031,"missense"
"CAGTTCCAAGGTTAGAGAGT",0.633590996265411,0.0991316160454275,0.529100305996771,0.172699126320012,"missense"
"TCAGAGTTCTCACAGTTCCA",0.652442276477814,0.675774456146117,0.604417607685261,-0.422711507763196,"missense"
"AGTGTCCAACTCTCTAACCT",0.60201096534729,0.210797506969554,0.571344229304361,-0.167347138773187,"nonsense"
"TTGGAACTGTGAGAACTCTG",0.71089243888855,0.260866059214626,0.70442886637225,-0.940057155141393,"missense"
"GAACTCTGAGGACAAAGCAG",0.686613261699677,0.862405699243857,0.71265950098989,-0.337283970170559,"missense"
"GACGTCTGTCTACATTGAAT",0.418746590614319,0.0611577055928566,0.328367549007558,-0.112981431193661,"missense"
"ACGTCTGTCTACATTGAATT",0.391813576221466,0.177900484164401,0.388950952291872,0.347559337039378,"missense"
"GCAATAAGTTGCCTTATTAA",0.400749325752258,0.662613349661275,0.260085175343678,-0.096255310001632,"missense"
"TTCTGAAGATACCGTTAATA",0.336779475212097,0.0313143032471734,0.307744334816879,0.268029204011746,"missense"
"TTAATAAGGCAACTTATTGC",0.409994840621948,0.13524213235988,0.428500836001861,-0.359264500253353,"missense"
"TTCATCCCTGGTTCCTTGAG",0.607602298259735,0.180540235510182,0.492002387841756,0.0643284392057305,"missense"
"TTTCATCCCTGGTTCCTTGA",0.37881201505661,0.404280182991182,0.379662643321262,0.00200113535239765,"missense"
"ATTTCATCCCTGGTTCCTTG",0.408989071846008,0.34263872950566,0.506517975274081,-0.0366882850261465,"missense"
"TTGTTACAAATCACCCCTCA",0.448971331119537,0.0244187266871858,0.59083126828453,-0.406528075634899,"nonsense"
"AAATCACCCCTCAAGGAACC",0.463912069797516,0.0307414934121037,0.529949712018641,-0.720243269863141,"missense"
"ATCCAAACTGATTTCATCCC",0.541061818599701,0.166595170387655,0.464329917841531,-0.0197010569870404,"missense"
"AATCACCCCTCAAGGAACCA",0.640921294689178,0.895277557511506,0.70561781061468,-0.787990309560901,"missense"
"AACCAGGGATGAAATCAGTT",0.341847807168961,0.180571162170651,0.462080979056669,0.0839026277727892,"silent"
"CAGTTTGGATTCTGCAAAAA",0.275261521339417,0.0119037572748913,0.276340019315546,0.132084348547269,"missense"
"AGTTTGGATTCTGCAAAAAA",0.501163363456726,0.379702125580768,0.445728208834743,-0.57320662335496,"missense"
"GTGTTCAAATCATTATTACT",0.391609579324722,0.13759717157372,0.487946349464084,-0.59287277542999,"silent"
"GGTGTTCAAATCATTATTAC",0.311087965965271,0.0437559833619207,0.350622873126014,-0.706933596572636,"silent"
"CTCAGCTGCACGCTTCTCAG",0.713398814201355,0.467914706096438,0.591010946160994,0.11789164292134,"missense"
"CTGAGAAGCGTGCAGCTGAG",0.667711555957794,0.468821603336518,0.660506412649527,-0.122554192674635,"missense"
"GAGGCATCCAGAAAAGTATC",0.486007988452911,0.0620091823601339,0.437091248705147,-0.40531655167977,"missense"
"AGGCATCCAGAAAAGTATCA",0.600007057189941,0.518931802001216,0.543293472070126,-0.660292971475743,"missense"
"TTCTGTTTCAAACTTGCATG",0.45767730474472,0.157128124359388,0.563073092734814,0.487715668412786,"missense"
"GCATGAGTATTTGTGCCACA",0.284660935401917,0.830891051911742,0.585659830808166,0.308672968617111,"missense"
"AACTTGCATGTGGAGCCATG",0.629188656806946,0.29527200548047,0.753429099707423,0.0747544932884221,"missense"
"GTTCTCATGCTGTAATGAGC",0.552992224693298,0.192346649581999,0.517569745189392,-0.454193514625598,"missense"
"AGACAGAATGAATGTAGAAA",0.482207000255585,0.103256131301345,0.459401887698462,-0.0847637997376604,"silent"
"TGTAATAAAAGCAAACAGCC",0.568707585334778,0.155382235576739,0.556295407624419,-0.508958248069309,"silent"
"TGTTGGCTCCTTGCTAAGCC",0.439880847930908,0.371816118637556,0.457941294774977,-0.146026134021984,"missense"
"GCAAACAGCCTGGCTTAGCA",0.515597105026245,0.363962971672097,0.561195733973585,-0.180769552280324,"nonsense"
"TTCCAGCCCATCTGTTATGT",0.369464516639709,0.0219404024173983,0.390931326217017,0.401180620763446,"nonsense"
"CAAGGAGCCAACATAACAGA",0.634169936180115,0.126428302177917,0.559156236668163,-0.542277526895255,"silent"
"AAGGAGCCAACATAACAGAT",0.683118939399719,0.42830085275845,0.592011432234153,-1.07784669898305,"nonsense"
"AGCCAACATAACAGATGGGC",0.616766512393951,0.0597547363433271,0.479162978411044,-0.0419663686335638,"nonsense"
"TAACAGATGGGCTGGAAGTA",0.456260919570923,0.0224845159475515,0.421107501840577,-0.177626454029821,"silent"
"GTAAGGAAACATGTAATGAT",0.657432854175568,0.200610235750879,0.538699604588197,-0.563001309906083,"missense"
"AGGAAACATGTAATGATAGG",0.637780010700226,0.310655596343316,0.659378355078921,-0.221077299548715,"missense"
"GACTCCCAGCACAGAAAAAA",0.415796101093292,0.243365442433066,0.373159332381328,-0.512342871441307,"missense"
"CCCTGTGTGAGAGAAAAGAA",0.617880702018738,0.338189156421978,0.513966896379235,-1.10742149124835,"silent"
"GGAACATCTTCAGTATCTCT",0.563386857509613,0.0986179792339797,0.492471516687744,-1.56895226853643,"missense"
"CTGCTATTTAGTGTTATCCA",0.582475125789642,0.0816110538397069,0.592292717058258,-0.543658613196301,"missense"
"GAGATACTGAAGATGTTCCT",0.562777698040009,0.24371248304359,0.448434547286158,0.114514853209172,"missense"
"GCATTCAGAAAGTTAATGAG",0.649821937084198,0.694668633257411,0.609895565530869,-1.76275027081367,"nonsense"
"ACCTAACAGTTCATCACTTC",0.320943802595139,0.0151727346586417,0.292509152881875,-0.397242944327415,"silent"
"TCCAGAAGTGATGAACTGTT",0.512033402919769,0.24466653581992,0.538333921234379,-0.145608358201121,"silent"
"GGTTCTGATGACTCACATGA",0.65730357170105,0.293490220037206,0.571369637029653,-0.658685570274319,"missense"
"GTTCTGATGACTCACATGAT",0.579102873802185,0.183983625312459,0.548572542170535,-0.372027848412325,"missense"
"TTCTGATGACTCACATGATG",0.60650622844696,0.102726215466246,0.615194122487672,-0.25768478375712,"missense"
"GTCCAATACATCAGCTACTT",0.340898603200912,0.0278518155073497,0.407614623328929,-0.0711665327094699,"missense"
"TGCCAAAGTAGCTGATGTAT",0.413949400186539,0.0312017685266524,0.424049442236857,-0.0645494848552802,"silent"
"TGTATTGGACGTTCTAAATG",0.662213921546936,0.315922120923816,0.599827955322579,0.38271142277377,"silent"
"AATGAGGTAGATGAATATTC",0.338873326778412,0.19781968552569,0.38186001670548,-0.844229013340007,"missense"
"TTCAGAGAAAATAGACTTAC",0.327088594436646,0.0150951796654189,0.312856674906052,-0.329825407250134,"missense"
"TAAAGCCTCATGAGGATCAC",0.454453766345978,0.0891172282307925,0.503434779973657,0.209674628337715,"missense"
"TTACATATTAAAGCCTCATG",0.608872473239899,0.1798666368688,0.590514683605226,-0.0983385945967316,"missense"
"ACTGGCCAGTGATCCTCATG",0.666586339473724,0.210046971928544,0.678352685987595,0.392211719901911,"missense"
"AATATTACTCTCTACTGATT",0.304020017385483,0.0239381769093299,0.278880092678897,-0.152619228282674,"missense"
"AATATTGAAGACAAAATATT",0.312991827726364,0.0629279569284822,0.192264196898991,-0.858870502142767,"silent"
"ATATTGAAGACAAAATATTT",0.282331824302673,0.0623270377191315,0.285449930632677,-0.701941024023837,"silent"
"GAGGCTTGCCTTCTTCCGAT",0.560816943645477,0.593009729412404,0.550575521183309,0.508088669754954,"missense"
"AAATATTTGGGAAAACCTAT",0.390062153339386,0.498864038704478,0.5357062857541,-1.07469285044969,"missense"
"TGGGAAAACCTATCGGAAGA",0.624577462673187,0.0548562469394195,0.558594856987382,0.490015444095427,"missense"
"TTACATGGCTTAAGTTGGGG",0.595308542251587,0.456153454910539,0.587669395445435,0.373973593557929,"missense"
"CAGTTACATGGCTTAAGTTG",0.6763716340065,0.143510715622971,0.554961163432924,0.563920483373527,"missense"
"TCAGTTACATGGCTTAAGTT",0.601963877677917,0.183225047488434,0.431897752106211,-0.0184394798552461,"missense"
"TTCAGTTACATGGCTTAAGT",0.403736889362335,0.0346041787101714,0.341957113615841,-0.182560767378583,"missense"
"GTAACTGAAAATCTAATTAT",0.481123805046082,0.174223803430352,0.228973140039606,-0.516600224456035,"missense"
"GGACGCTCTTGTATTATCTG",0.686728000640869,0.349377257317156,0.63363936691503,0.388732350078256,"missense"
"CGCTTTAATTTATTTGTGAG",0.366927593946457,0.205445162306516,0.522065148335406,0.339330572777295,"silent"
"ACGCTTTAATTTATTTGTGA",0.225861370563507,0.121622728762972,0.550251709341357,-0.534050502277453,"silent"
"TACGCTTTAATTTATTTGTG",0.50705349445343,0.0924864415945858,0.484572849435913,0.429068366069153,"silent"
"CAAATAAATTAAAGCGTAAA",0.0994683504104614,0.0201359519500946,0.367272650620889,-0.640833240730082,"missense"
"TCAGGATGAAGGCCTGATGT",0.661848068237305,0.26724325589142,0.548362783226067,0.23782611872313,"missense"
"CGTAAAAGGAGACCTACATC",0.596273958683014,0.0221168050775661,0.547659855909721,-0.079705351506993,"missense"
"TGATAAAATCCTCAGGATGA",0.548761546611786,0.042563652078967,0.511640480241989,0.339454537100859,"missense"
"GCTTTCTTGATAAAATCCTC",0.481882572174072,0.470893576252707,0.498469722043003,-1.04620409118705,"silent"
"TACATCAGGCCTTCATCCTG",0.702185988426208,0.0616765627407568,0.598194451653974,0.150478384352935,"missense"
"GTTCCCTGATTTATCATTTC",0.320866852998734,0.0478936780419815,0.190079684241782,0.298231231194771,"missense"
"GACTCCTGAAATGATAAATC",0.435696303844452,0.0226233748509203,0.375539188676047,-0.174538630151943,"missense"
"ACTCCTGAAATGATAAATCA",0.593357980251312,0.183454171067375,0.578359704209271,-1.17876360840691,"missense"
"CTTGACCATTCTGCTCCGTT",0.376955538988113,0.315066450927546,0.372381500773138,0.434208650071733,"missense"
"AAATCAGGGAACTAACCAAA",0.610829770565033,0.19632506427069,0.621752852264141,-1.99848685037569,"nonsense"
"ACTAACCAAACGGAGCAGAA",0.553134202957153,0.308868652756958,0.646495737446974,-2.47899734104906,"nonsense"
"GTGATGAATATTACTAATAG",0.603844940662384,0.0753906366835079,0.487134570970233,-0.450803535638479,"missense"
"GGTCATGAGAATAAAACAAA",0.540332555770874,0.308024313093268,0.483390283154279,-0.763838127404518,"missense"
"TCGAGTGATTCTATTGGGTT",0.586929678916931,0.0462959604610956,0.375160446478237,0.598957770154553,"missense"
"TTGCTTATACTGCTGCTTAT",0.27227771282196,0.345817963373653,0.203987721997457,-0.278611838950227,"missense"
"AAGCAGCAGTATAAGCAATA",0.482004880905151,0.0704074754233122,0.403600867628318,-1.54539253590218,"silent"
"CAAAAGCACCTAAAAAGAAT",0.326012820005417,0.152914864684372,0.423355089463744,-0.893953602139302,"missense"
"CACCTAAAAAGAATAGGCTG",0.619413077831268,0.124256736497103,0.575258206562118,0.386227029442134,"missense"
"CTAAAAAGAATAGGCTGAGG",0.590763211250305,0.244228598443016,0.59920430406067,0.182521166444131,"missense"
"TGAGGAGGAAGTCTTCTACC",0.609245777130127,0.303070659503166,0.627698462487576,0.0255412408911114,"missense"
"TTCAAGCGCATGAATATGCC",0.458607017993927,0.204121833232339,0.528589321383626,0.209564327494184,"missense"
"GCAATTCAGTACAATTAGGT",0.590949833393097,0.443846872084069,0.468845223186352,-0.394545197501964,"missense"
"TGCAATTCAGTACAATTAGG",0.620801270008087,0.195831687045743,0.487278460101787,-0.831141273283585,"missense"
"ATTTGCAATTCAGTACAATT",0.35688391327858,0.128816087243945,0.364433492522987,-0.762792462078824,"silent"
"TGCTGTGCCTGACTGGCATT",0.372854113578796,0.0891833498119341,0.298156120417352,0.491319084632796,"missense"
"AGGTTTCTGCTGTGCCTGAC",0.334881633520126,0.0336837534947584,0.395745004403573,0.455163454677949,"missense"
"AGTACAACCAAATGCCAGTC",0.529663383960724,0.0303905684384038,0.482339916024805,0.473694852364823,"silent"
"CTTTACCTTCCATGAGTTGT",0.366044878959656,0.0208282404749609,0.329761802383362,0.675203137595297,"missense"
"CAGCAGAAACCTACAACTCA",0.619776427745819,0.0645754348868652,0.563468909540236,-0.208596912948493,"silent"
"AGAAACCTACAACTCATGGA",0.675623893737793,0.515527874107374,0.641974089491487,-0.866521912198737,"silent"
"CTCTTCTTGGCTCCAGTTGC",0.346147656440735,0.0256375574944061,0.171990149826288,0.621183265636016,"silent"
"GAAGGTAAAGAACCTGCAAC",0.60220068693161,0.170178847994085,0.436203446720653,-0.0479020351569351,"missense"
"ATTTGGCTTGTTACTCTTCT",0.340074509382248,0.0210528711563871,0.198582006399551,0.409839652892696,"silent"
"CATTTGTTAACTTCAGCTCT",0.361684083938599,0.0257832837978249,0.479845816952652,0.637618240072381,"silent"
"GCATTTGTTAACTTCAGCTC",0.538798213005066,0.046764334592016,0.379167335925244,-0.0564669156763635,"missense"
"CTGAAGTTAACAAATGCACC",0.415497213602066,0.191924419853427,0.503750840398971,-0.00255402159135384,"missense"
"GAACACTTAGTAAAAGAACC",0.690231502056122,0.384447863924591,0.618593514682618,-0.837625607138129,"missense"
"GACAAATTCTTTAAGTTCAC",0.320326328277588,0.177293280272391,0.430635791597589,-0.460202009000915,"missense"
"CACTTAACATGAGATCTTTG",0.423662185668945,0.153000930628934,0.570869466792578,-0.426030600619142,"missense"
"CCACTTAACATGAGATCTTT",0.252272188663483,0.0349861169360781,0.220174342872158,-0.454768623706643,"missense"
"TCCACTTAACATGAGATCTT",0.37954044342041,0.0172725252188918,0.287218800792188,0.178879640963968,"missense"
"CCCAAAGATCTCATGTTAAG",0.385384440422058,0.10440612793613,0.489687989546565,-0.108074302565052,"missense"
"ATCTCATGTTAAGTGGAGAA",0.597283601760864,0.0322907210981546,0.496578162170754,-0.225921497326427,"silent"
"AGAGAGTAGCAGTATTTCAT",0.487282246351242,0.251847821935297,0.470917622192202,0.19668952342548,"silent"
"AGCAGTATTTCATTGGTACC",0.454840540885925,0.0416658616712758,0.578842897146408,0.534162132765941,"silent"
"TGAGTGCCATAATCAGTACC",0.634676456451416,0.354479973376111,0.632249138275106,0.141316375924777,"missense"
"TTGGTACCTGGTACTGATTA",0.474934339523315,0.0348215773418374,0.386163517184262,0.486567745188995,"missense"
"TGGTACTGATTATGGCACTC",0.557373225688934,0.0822451600151837,0.584770308809073,0.207372317723722,"missense"
"TCAGGAAAGTATCTCGTTAC",0.443452179431915,0.0362611288997072,0.3626670017233,0.284132190863992,"nonsense"
"TTACTGGAAGTTAGCACTCT",0.447419285774231,0.0182436452393572,0.46419971385803,-0.190599640651217,"silent"
"TACTGGAAGTTAGCACTCTA",0.583879172801971,0.293889766760403,0.471112548771345,-0.59024509098195,"silent"
"GGAAGTTAGCACTCTAGGGA",0.651136219501495,0.275634472152726,0.623060913022359,0.073094406647226,"silent"
"CACTGACTCACACATTTATT",0.203922599554062,0.130382915749245,0.242684891775645,0.0982348090078489,"missense"
"AACCATGAATTAGTCCCTTG",0.589399635791779,0.12362291980629,0.559773412665487,0.208704688196977,"missense"
"CAACCATGAATTAGTCCCTT",0.333782315254211,0.0437840959638422,0.428436139758952,0.0681140125773858,"missense"
"ACAACCATGAATTAGTCCCT",0.535129129886627,0.10153648954422,0.580285462745617,0.195835493995961,"missense"
"TGCAGCATTTGAAAACCCCA",0.682007133960724,0.135140547336513,0.645848271262825,-2.13120975408749,"missense"
"GCAGCATTTGAAAACCCCAA",0.640804767608643,0.921184213876131,0.74239274344763,-1.15743382251198,"missense"
"AACCCCAAGGGACTAATTCA",0.506153762340546,0.0639182209988846,0.458992280806099,-0.400796047578499,"missense"
"TGTGTCATTTCTATTATCTT",0.327062368392944,0.0447188566687574,0.339627817248889,0.269074440149081,"missense"
"GATAATAGAAATGACACAGA",0.637270867824554,0.133268944828178,0.644190954558343,-1.05872413187068,"missense"
"TGGTTAACTTCATGTCCCAA",0.515010952949524,0.331255560241847,0.583367478726729,-0.278248254503055,"missense"
"AGAAGGCTTTAAGTATCCAT",0.617648899555206,0.104705061558066,0.493910522988912,-1.41731399264455,"silent"
"GAAGGCTTTAAGTATCCATT",0.559903085231781,0.225945444348543,0.509066840237558,-0.660884264043368,"silent"
"CTATGCTTGTTTCCCGACTG",0.656775116920471,0.358926994661422,0.497551715646416,0.304255760716729,"missense"
"GACATGAAGTTAACCACAGT",0.620891630649567,0.150298559342188,0.58813955703757,-0.414524340309262,"missense"
"ACATGAAGTTAACCACAGTC",0.61405622959137,0.182340799301936,0.561560616556784,-0.441360721586377,"missense"
"TCGGGAAACAAGCATAGAAA",0.548860251903534,0.140466749323206,0.409605191376738,-0.712549437764179,"missense"
"GTATTTGCAGAATACATTCA",0.541350126266479,0.361372433076003,0.375753109122552,-0.471343738184013,"nonsense"
"TTGAAAACGGAGCAAATGAC",0.52327436208725,0.186849098930169,0.525503214255801,0.329604024360762,"silent"
"GCATTTCCTGGATTTGAAAA",0.383137941360474,0.775108033030095,0.431394695903663,-0.476972908470103,"missense"
"CATTCCTCTTCTGCATTTCC",0.375815153121948,0.0294719363926141,0.223944952885249,-0.35929752454905,"missense"
"AAATCCAGGAAATGCAGAAG",0.633408188819885,0.015040304214583,0.551399511059574,0.158970189171044,"missense"
"TTTCTTTAAGGACCCAGAGT",0.450909644365311,0.209490271634449,0.548058334138898,0.0294774403889715,"silent"
"GTTTCTTTAAGGACCCAGAG",0.625527441501617,0.396582083747399,0.708841585746048,0.085117828087359,"silent"
"GCAACATTCTCTGCCCACTC",0.444528639316559,0.117463550972212,0.408965835776838,-0.125700671081024,"missense"
"CAACATTCTCTGCCCACTCT",0.310431361198425,0.0108942231579319,0.422158737322749,0.479842931863606,"missense"
"TCACATTCAAAAGTGACTTT",0.329740345478058,0.0873494769529619,0.315132555771113,0.467474852065562,"missense"
"GAACAAAAGGAAGAAAATCA",0.604426145553589,0.0636295289684469,0.602603957064967,-0.905622135473749,"nonsense"
"GTGATATTAACTGTCTGTAC",0.583480000495911,0.105484927367089,0.531569150142555,-0.158941232670192,"missense"
"CAGACAGTTAATATCACTGC",0.647481083869934,0.0175226332365613,0.558290051804586,0.0884731453250348,"missense"
"TTATCTTTCTGACCAACCAC",0.610759735107422,0.562709940653556,0.570155339179144,-0.468179739332007,"missense"
"TATCACTGCAGGCTTTCCTG",0.777312517166138,0.473633788521179,0.57666696303071,-0.274370499412479,"missense"
"ACTGCAGGCTTTCCTGTGGT",0.571175277233124,0.185105354619459,0.458052533412483,0.72988215787802,"missense"
"CTACATTTGGCATTATCAAC",0.373593926429749,0.229183514118853,0.371988452056747,-0.514257681153743,"missense"
"GCCTCCTTTGATACTACATT",0.400968968868256,0.130138320644584,0.318454548445877,0.0861687419616792,"missense"
"AATGCCAAATGTAGTATCAA",0.502086281776428,0.0396671102635888,0.51935681421739,-0.179542034689725,"missense"
"GCCAAATGTAGTATCAAAGG",0.662649095058441,0.309966391775987,0.63739050998876,-0.505929174929218,"silent"
"GTAGTATCAAAGGAGGCTCT",0.61312061548233,0.0800210733577136,0.597855481250628,-0.167349747983159,"silent"
"TGTCTATCATCTCAGTTCAG",0.585905313491821,0.482443405478441,0.594609464028917,0.0143337857449755,"missense"
"CAGTTCAGAGGCAACGAAAC",0.473883479833603,0.0983624433929883,0.42032309936884,-0.300240199593626,"silent"
"TGTAAAAGTCCATGTTTATT",0.213422954082489,0.0292743261466689,0.197954767463066,0.485988611199792,"missense"
"CTCATTACTCCAAATAAACA",0.336191087961197,0.157269358724865,0.484179287167258,-0.958430940377514,"missense"
"AAAGTGGTGGTATACGATAT",0.443617254495621,0.0433999312131165,0.442408541687439,-0.287845813960066,"missense"
"AAAAGTGGTGGTATACGATA",0.498257726430893,0.0289369691373987,0.487172809844028,-0.580363892380637,"missense"
"GACTTGATGGGAAAAAGTGG",0.690249800682068,0.44859913709252,0.605934765130025,-0.664499475740902,"silent"
"AATGACTTGATGGGAAAAAG",0.694067001342773,0.338446093719358,0.590632495177278,-0.187575246400173,"silent"
"ATGTAAGAAAAATCTGCTAG",0.517346024513245,0.0990752274524924,0.613641740209031,0.278456050032426,"not_targeting"
"TCTGCTAGAGGAAAACTTTG",0.450027018785477,0.307478389360442,0.485393451423135,-0.346938478904385,"silent"
"TCATTTCCCATTTCTCTTTC",0.219133913516998,0.0701454788055883,0.0352447133730709,0.148303291428647,"missense"
"AATGTCACCTGAAAGAGAAA",0.489491015672684,0.215304726766298,0.390835968930901,-1.40654994112451,"missense"
"ATGTCACCTGAAAGAGAAAT",0.502596437931061,0.429091618255958,0.426717090722513,-0.0429033661253513,"missense"
"CTAATTGTGCTCACTGTACT",0.343307703733444,0.192503422951907,0.383857885035339,0.480434704115969,"missense"
"TTCATTAATATTGCTTGAGC",0.316854476928711,0.00777043279087229,0.343981712648306,-0.744820348262675,"missense"
"TCAAGCAATATTAATGAAGT",0.544771730899811,0.140433587066561,0.575587690773611,-0.00532783410966253,"silent"
"GGAGCCCACTTCATTAGTAC",0.576246738433838,0.280471580291274,0.487919381425484,-0.759897686282785,"missense"
"AGGTTCCAGTACTAATGAAG",0.677976906299591,0.0856858124147081,0.592653052466016,-0.638976198425153,"missense"
"GGTTCCAGTACTAATGAAGT",0.693514764308929,0.184583928663148,0.642253030108785,0.203702280194761,"missense"
"GGAACCTATTTCATTAATAC",0.386497616767883,0.105975374880057,0.427681900816939,-0.801908298670831,"missense"
"GGCTCCAGTATTAATGAAAT",0.442158311605453,0.0883110433947149,0.402356258569554,-0.183747316201101,"missense"
"GAAAACATTCAAGCAGAACT",0.580725371837616,0.0756298266596422,0.630593937244738,-0.650876677233594,"silent"
"GCAGAACTAGGTAGAAACAG",0.703222095966339,0.664664098835726,0.663142704060277,-0.501569744181391,"silent"
"CAGAACTAGGTAGAAACAGA",0.678052127361298,0.336261407271596,0.66896145963697,-0.887336410713743,"silent"
"CTAAGCATAGCATTCAATTT",0.328496217727661,0.0780545434313673,0.247023082758949,0.487912703865205,"missense"
"TTGAATGCTATGCTTAGATT",0.439785927534103,0.0290204571410609,0.355146770105474,0.0821121429497129,"missense"
"TGAATGCTATGCTTAGATTA",0.496939808130264,0.169902733930801,0.393952877100559,0.473768565941319,"missense"
"GAATGCTATGCTTAGATTAG",0.516284584999084,0.122155783374718,0.459470052794522,0.310157995308368,"missense"
"AGACTTTGTTTATAGACCTC",0.516921043395996,0.224275579424356,0.490128707582746,0.399604211475641,"missense"
"GGATGCTTACAATTACTTCC",0.514719009399414,0.403079528086761,0.353365849031997,-0.402972728585902,"silent"
"GTCTATAAACAAAGTCTTCC",0.388486444950104,0.017559727132263,0.30741265694431,-0.571689671884381,"silent"
"AAGTTATCTGAAATCAGATA",0.462189972400665,0.159022376978876,0.542836365435249,-0.493831594869912,"missense"
"GATGCATGACTACTTCCCAT",0.681218385696411,0.874104206401087,0.696410103825965,-0.271731732947758,"missense"
"AGATAACTTAGAACAGCCTA",0.611013650894165,0.0563984789674726,0.485449598221726,-0.16283667896616,"silent"
"GATAACTTAGAACAGCCTAT",0.570202171802521,0.922451965980876,0.539437322040103,0.194569468742759,"silent"
"GGGAAGTAGTCATGCATCTC",0.454557597637177,0.0225355688686735,0.43178707795848,0.408462899066587,"missense"
"CCATCATCTAACAGGTCATC",0.288891792297363,0.132737178520125,0.420977027042558,-0.26315229192184,"missense"
"TTATTTCACCATCATCTAAC",0.184908628463745,0.345284094950794,0.380551633052163,-1.16192951990106,"missense"
"CCTGATGACCTGTTAGATGA",0.583248913288116,0.282365687132602,0.583974393623004,-0.177863523037453,"silent"
"GTTAGATGATGGTGAAATAA",0.546596884727478,0.127387945578313,0.377417728357179,-0.242627485168118,"missense"
"TCCTGCTAAGCTCTCCTTTC",0.305475115776062,0.00577930433310215,0.202835613412284,0.680655043875287,"missense"
"TTTAGCAAAAGCGTCCAGAA",0.465515643358231,0.0623082669716624,0.629757009342975,-0.0355940990806403,"silent"
"TCCAGAAAGGAGAGCTTAGC",0.260153323411942,0.0859479862046471,0.490422955551467,0.10082815067248,"nonsense"
"TGTGTATGGGTGAAAGGGCT",0.653024017810822,0.0371041197440197,0.471186247882572,0.00301818028488476,"missense"
"CCAAATGTGTATGGGTGAAA",0.437669277191162,0.142635370978187,0.493695506190678,0.146254497814683,"silent"
"GCCAAATGTGTATGGGTGAA",0.495143473148346,0.0249925569335745,0.550393636049645,0.136547592625277,"silent"
"ACCCTGAGCCAAATGTGTAT",0.360602140426636,0.192618196797687,0.540489693495747,0.211748186942283,"missense"
"AACCCTGAGCCAAATGTGTA",0.463059604167938,0.0559358721764109,0.468362572562036,0.361131621209282,"missense"
"CCCTTTCACCCATACACATT",0.289383381605148,0.0387182979039497,0.309409655267466,0.646248581699985,"missense"
"CACCCATACACATTTGGCTC",0.413478970527649,0.0434088481446355,0.382429768587416,0.320831547894125,"missense"
"ACCCATACACATTTGGCTCA",0.411774605512619,0.0904099586174533,0.545402935739177,0.461271384575193,"missense"
"CTAATTTCTTGGCCCCTCTT",0.277797996997833,0.442999345587367,0.369165806263124,0.470099127894837,"silent"
"TTGGCTCAGGGTTACCGAAG",0.676228702068329,0.0325281505534437,0.586933997254099,-1.02287516569117,"nonsense"
"TGGCTCAGGGTTACCGAAGA",0.684980034828186,0.0300749457446706,0.511405751631232,-0.832206092087858,"nonsense"
"GGCTCAGGGTTACCGAAGAG",0.671727478504181,0.154155274727377,0.609466911394056,-1.22598400866463,"nonsense"
"TTCTGAGGACTCTAATTTCT",0.309751927852631,0.0194296882057558,0.268021533566876,0.218015459329276,"missense"
"ACTAGATAAGTTCTCTTCTG",0.656898438930511,0.0934091148245848,0.639655973002215,-0.086278209783087,"missense"
"AGAAGAGAACTTATCTAGTG",0.65552031993866,0.155257425815263,0.585783739220284,0.310524711280408,"silent"
"AATAACAAGTGTTGGAAGCA",0.646778225898743,0.270016218708834,0.602778698106012,0.0489241153657479,"silent"
"AAATAACAAGTGTTGGAAGC",0.496366679668427,0.0178575433869949,0.454280968531916,0.20203335983256,"silent"
"CTTTACCAAATAACAAGTGT",0.517451167106628,0.224070194011939,0.518922141059761,-0.410226852293852,"missense"
"TGCTTCCAACACTTGTTATT",0.230284333229065,0.0566602603366569,0.172449827875314,-0.00819769376172038,"nonsense"
"CTATGCCTAGTAGACTGAGA",0.617118895053864,0.264006220025528,0.589863870066872,-0.533881226947057,"missense"
"ATATACCTTCTCAGTCTACT",0.386325746774673,0.245554530717191,0.537512178852533,-0.522360022902824,"missense"
"AGACAGACACTCGGTAGCAA",0.637215733528137,0.705643800834256,0.619637663594549,0.0830699284843768,"missense"
"TGTGTTCTTAGACAGACACT",0.625163495540619,0.527253923105913,0.743219126366433,0.235136803156004,"silent"
"GTGTCTGTCTAAGAACACAG",0.730555891990662,0.870105142607765,0.789953990630823,-1.1769795672083,"silent"
"ATGCCTTTGCCAATATTACC",0.393682539463043,0.190375953200688,0.488488520935398,-0.609848352256259,"missense"
"CTTAAATGACTGCAGTAACC",0.431428164243698,0.234567958128804,0.480079583037152,-0.298867963171617,"silent"
"CTGCAGTAACCAGGTAATAT",0.35674723982811,0.0551712353976535,0.35825419233909,0.404063175051711,"silent"
"TAACCAGGTAATATTGGCAA",0.614978194236755,0.124620696941968,0.586567664861455,-0.449440240317206,"nonsense"
"AATATTGGCAAAGGCATCTC",0.486108303070068,0.0478466081215637,0.421000511145182,-0.345230901719138,"missense"
"TCAGGAACATCACCTTAGTG",0.680563867092133,0.377242833528963,0.627478924464532,-0.417323010647623,"missense"
"TTCTTCACAGTGCAGTGAAT",0.322368144989014,0.0579696477617475,0.365028534610885,0.208211369095196,"nonsense"
"ACCAATCAAGAAAGGATCCT",0.570248126983643,0.261389783099644,0.541394822943558,0.12205263326751,"missense"
"AACCAATCAAGAAAGGATCC",0.517112731933594,0.00872502882002953,0.537515727603324,-0.420322094376001,"missense"
"GACTGCAAATACAAACACCC",0.749839663505554,0.343941076017412,0.656559265725122,-1.8757358553886,"missense"
"TTGGAAGAACCAATCAAGAA",0.494705587625504,0.095690866823636,0.497307229900021,-0.710487198570834,"missense"
"ACCCAGGATCCTTTCTTGAT",0.217982232570648,0.0628766396588117,0.374811745828216,0.347463016252939,"nonsense"
"AGACTGATGCCTCATTTGTT",0.300451338291168,0.155762540350448,0.354147552502382,0.516734039693553,"silent"
"TTGGTTCTTCCAAACAAATG",0.515406608581543,0.0842911132218831,0.557817089876156,0.284776516922609,"missense"
"GAGGCATCAGTCTGAAAGCC",0.438367009162903,0.0392330995272307,0.478033809233472,-0.126446944537769,"nonsense"
"TGTCACTCAGACCAACTCCC",0.677393972873688,0.55133619277601,0.486215049485692,-0.966278447096993,"missense"
"AGGCATCAGTCTGAAAGCCA",0.679218888282776,0.639882829827155,0.673037363683291,-0.533172596506773,"nonsense"
"CAGTCTGAAAGCCAGGGAGT",0.614511609077454,0.033947776659324,0.611865704189826,0.166914265751264,"missense"
"GGGAGTTGGTCTGAGTGACA",0.663190960884094,0.0411477712130486,0.663337119020657,-0.145252967829483,"silent"
"TGGTCTGAGTGACAAGGAAT",0.617164790630341,0.189817554238555,0.417816541496627,-0.299603566151958,"silent"
"GTTTCAGATGATGAAGAAAG",0.694734454154968,0.522330848917412,0.606113612919703,-0.319439787208715,"missense"
"AGATGATGAAGAAAGAGGAA",0.660323143005371,0.397299112748655,0.574735975066245,-0.942125103982004,"missense"
"GATGATGAAGAAAGAGGAAC",0.671319544315338,0.309371046919462,0.504468754077899,-0.0781788695452228,"missense"
"TGAAGAAAGAGGAACGGGCT",0.604285418987274,0.116940648993175,0.493392792732182,0.372009283483727,"missense"
"TAATCAAGAAGAGCAAAGCA",0.652167916297913,0.168061057476815,0.604812383781552,-1.78650791876409,"nonsense"
"CAAAGCATGGATTCAAACTT",0.467877894639969,0.111588582334231,0.519276244672299,-0.2147382061261,"silent"
"ATTTAAGGTGAAGCAGCATC",0.429727137088776,0.057338115865653,0.396227359640512,0.20667142387344,"missense"
"TTTAAGGTGAAGCAGCATCT",0.430008441209793,0.128638175051381,0.544273020203643,0.0376044116676303,"missense"
"GGTTAAAATGTCACTCTGAG",0.66034346818924,0.497915996068099,0.611301272924156,-0.170913987588763,"missense"
"CTTTATCAGGTTATGTTGCA",0.394223809242249,0.104051187675255,0.497502055911845,0.170048284003198,"silent"
"TTTCCTGCTGGAGCTTTATC",0.283376455307007,0.182620821406698,0.308675726766884,-0.11128711107167,"missense"
"CTAGTTCAGCCATTTCCTGC",0.483820497989655,0.549919705623881,0.414169596015416,0.253487509634979,"missense"
"TAACCTGATAAAGCTCCAGC",0.606407642364502,0.312108086975488,0.555690332817331,-0.59319681068589,"silent"
"GATAAAGCTCCAGCAGGAAA",0.58796638250351,0.470341587601098,0.484546113617589,-0.0897361577875332,"missense"
"GAAGCTGTGTTAGAACAGCA",0.657460570335388,0.358653192036154,0.605617792392024,-0.667843688922691,"missense"
"AAGCTGTGTTAGAACAGCAT",0.654052138328552,0.314606711600148,0.631101228704584,-0.285589720846681,"missense"
"AAGGGTAGCTGTTAGAAGGC",0.604576766490936,0.135233168028967,0.534944782803937,0.418503594172654,"missense"
"ATGGAAGGGTAGCTGTTAGA",0.562732577323914,0.0821586669822119,0.464508223209703,0.386710961817508,"missense"
"AAGAGTCACTTATGATGGAA",0.607890248298645,0.156000321569369,0.581979825925246,0.256616353655231,"missense"
"GAAGAGTCACTTATGATGGA",0.713899493217468,0.102880937440746,0.53270478100043,0.209749919453072,"missense"
"GGCAGAAGAGTCACTTATGA",0.569042861461639,0.192589463814936,0.39936860879965,-0.127908657860345,"missense"
"TGGATTTCGCAGGTCCTCAA",0.598539113998413,0.62440108530737,0.570362322286056,-0.0811705571766967,"missense"
"CTGGATTTCGCAGGTCCTCA",0.450435012578964,0.014285597233985,0.501627298159691,0.452205711847286,"missense"
"AAGTGACTCTTCTGCCCTTG",0.547661542892456,0.084287460228999,0.574931294380011,0.668107933312555,"silent"
"TGCTTTGTTCTGGATTTCGC",0.398665189743042,0.104208425518127,0.467143336658789,-0.475568464062027,"missense"
"GAACAAAGCACATCAGAAAA",0.545143067836761,0.237186947079134,0.442607585723339,-0.537236937160551,"nonsense"
"CTTCTGGATTCTGGCTTATA",0.289104253053665,0.0659919614117755,0.327567054013274,0.416605096127724,"missense"
"CCTTCTGGATTCTGGCTTAT",0.251992344856262,0.0402454237611928,0.238941952801803,0.52800221221325,"missense"
"CAGAAAGGCCTTCTGGATTC",0.354518622159958,0.0123449045650504,0.268058612335441,0.623012749909275,"missense"
"TTGTCAGCAGAAAGGCCTTC",0.372836381196976,0.160032098616818,0.307791362775307,0.368023215402047,"missense"
"CCTATAAGCCAGAATCCAGA",0.522724032402039,0.563794969525808,0.612291577148965,-0.908042965108192,"missense"
"CCTCAAACTTGTCAGCAGAA",0.294699728488922,0.328104581627796,0.637378310363717,-0.175477361770069,"missense"
"CCTTTCTGCTGACAAGTTTG",0.417364448308945,0.317280626374417,0.360587764638009,0.717456964851921,"missense"
"ACCAGTAAAAATAAAGAACC",0.630324423313141,0.0775667236401385,0.584701206135648,-0.828658803440256,"silent"
"GTTTCTTACCTTTCCACTCC",0.445139855146408,0.0146588192163561,0.335937916286145,-0.107276581011192,"silent"
"TAAAAATAAAGAACCAGGAG",0.531711637973785,0.0546073999097056,0.602017398432597,-1.1289826372411,"missense"
"ATAAAGAACCAGGAGTGGAA",0.594992280006409,0.222810226911263,0.654671616073501,-0.778524791068399,"missense"
"TAATGATGGGCATTTAGAAG",0.638334453105927,0.0557090198628583,0.580693978290901,0.119249958376583,"missense"
"CTAATGATGGGCATTTAGAA",0.497218132019043,0.443817250417714,0.448207339263974,-0.452989668746731,"missense"
"TCTAATGATGGGCATTTAGA",0.470965713262558,0.145049945203141,0.368679230241717,-0.706853822238807,"missense"
"ACCACCTATCATCTAATGAT",0.544613242149353,0.169603757681752,0.559136613235215,-0.754048115685566,"missense"
"TACCACCTATCATCTAATGA",0.563671767711639,0.128306693875769,0.485171824744373,-1.37368769906387,"nonsense"
"AATGCCCATCATTAGATGAT",0.415547788143158,0.203505639166761,0.502983096746772,0.213205368221553,"missense"
"GCCCATCATTAGATGATAGG",0.623316466808319,0.418662872895108,0.589069238508875,-0.381848382367064,"missense"
"TGGTACATGCACAGTTGCTC",0.588672935962677,0.0525027427569309,0.369438367331483,-0.150701489764803,"silent"
"GGTACATGCACAGTTGCTCT",0.532750725746155,0.100428932680416,0.572164844105155,0.35992347853816,"silent"
"TAATGAGCTCCTCTTGAGAT",0.572272539138794,0.282515234720873,0.514584315398888,0.170868654650648,"silent"
"TTAATGAGCTCCTCTTGAGA",0.546910166740417,0.187767900626725,0.52185067676069,-0.572765319969333,"silent"
"TAGAAACTACCCATCTCAAG",0.641540050506592,0.371074125577598,0.60589571595645,-0.0764897326462185,"silent"
"ATCTCAAGAGGAGCTCATTA",0.421788543462753,0.130966182148109,0.401700457789332,-1.293436658221,"nonsense"
"GCTCATTAAGGTTGTTGATG",0.554565250873566,0.019883212845751,0.595601644733596,0.489275570380117,"silent"
"CATTAAGGTTGTTGATGTGG",0.684971511363983,0.112920422264875,0.570013556910572,0.318250084795873,"silent"
"TGATGTGGAGGAGCAACAGC",0.638151466846466,0.371508357002211,0.552594218980499,0.135685421774416,"missense"
"GAGCAACAGCTGGAAGAGTC",0.617501497268677,0.0153829451474841,0.414868107787301,0.111694837294025,"nonsense"
"AGCAACAGCTGGAAGAGTCT",0.640914499759674,0.0950732260027831,0.494715058314408,-0.654021784227217,"nonsense"
"GATGTTTCCGTCAAATCGTG",0.60091632604599,0.408539731235587,0.636683319914676,0.764166838898033,"missense"
"GTCTGGGCCACACGATTTGA",0.50244140625,0.411421329124684,0.465301114778513,0.445184342996461,"missense"
"ATATTACCTAGATCTTGCCT",0.392163634300232,0.228731337593469,0.550103408062503,-0.248142146453986,"missense"
"CGGAAACATCTTACTTGCCA",0.572932958602905,0.128041654621093,0.545341986889286,0.119571266272032,"missense"
"TACTTGCCAAGGCAAGATCT",0.461260318756104,0.0644464891774295,0.47215421137622,0.498773112092871,"missense"
"GATTCCAGATTCCAGGTAAG",0.645646274089813,0.448907076839132,0.56894119061218,0.286286001761037,"missense"
"TGATTCCAGATTCCAGGTAA",0.62693452835083,0.159173397400363,0.574405234185309,0.374504333871014,"missense"
"CTGATTCCAGATTCCAGGTA",0.593090534210205,0.039437949249773,0.476050541329112,0.451636791667254,"missense"
"AGAGGCTGATTCCAGATTCC",0.459233045578003,0.12266396148929,0.425857377566729,0.655920714486079,"missense"
"TTCAGAGGGAACCCCTTACC",0.309209942817688,0.017868662834497,0.407897075387446,-0.265599499811312,"silent"
"GGAACCCCTTACCTGGAATC",0.542116045951843,0.0378112017161583,0.420349049168444,0.162316640230408,"missense"
"ATTCAGGGTCATCAGAGAAG",0.633845031261444,0.481172799151181,0.580409120849479,0.257771988107689,"missense"
"CTTCAGAAGGATCAGATTCA",0.4904745221138,0.236243461625624,0.474186565476881,0.278758760367838,"missense"
"TCTTCAGAAGGATCAGATTC",0.402957588434219,0.0274321014026809,0.341014337943003,0.271532524898815,"missense"
"TCTGGGGCTCTGTCTTCAGA",0.572048187255859,0.213374781419547,0.532982470969115,0.257130474931754,"missense"
"GCCAACACGAGCTGACTCTG",0.707160532474518,0.0609590734818766,0.647790150638574,0.440980863064334,"missense"
"TGCCAACACGAGCTGACTCT",0.554028332233429,0.0390515887383642,0.459855726698065,0.260281050814888,"missense"
"TTGCCAACACGAGCTGACTC",0.506417632102966,0.0527593265782381,0.423354934863175,0.0311379676443243,"missense"
"GCCCCAGAGTCAGCTCGTGT",0.642398655414581,0.202389385459954,0.594158702726836,0.551670354897405,"missense"
"TTCAATGCAGAGGTTGAAGA",0.537768185138702,0.418756486037747,0.524408400829847,-0.364011888917392,"missense"
"TTGGGGAACTTTCAATGCAG",0.66439288854599,0.359542354883086,0.587274767946122,0.0534664024463816,"missense"
"GATTCTGCAACTTTCAATTG",0.548880696296692,0.145877945648085,0.555651604181535,0.473526900654532,"missense"
"AGATTCTGCAACTTTCAATT",0.317208260297775,0.0963460981270447,0.316309276656456,-0.264072505626038,"missense"
"CAGATTCTGCAACTTTCAAT",0.300370812416077,0.111456543284482,0.291865893264039,-0.502758384975651,"missense"
"ATGAGCAGCAGCTGGACTCT",0.575630187988281,0.0266563770537597,0.47466077992282,0.609140573311971,"missense"
"TATGAGCAGCAGCTGGACTC",0.595964431762695,0.0231746095396841,0.430859308574907,0.196510521207588,"missense"
"TCAGTAGTATGAGCAGCAGC",0.60681414604187,0.195156995211637,0.485626115637371,0.0476322737281987,"missense"
"GCTCATACTACTGATACTGC",0.595570743083954,0.111227876627078,0.517403363762518,-0.730547008838689,"missense"
"CTCATACTACTGATACTGCT",0.592217564582825,0.391726093534737,0.619533715476394,-0.826505831504113,"missense"
"TACTGCTGGGTATAATGCAA",0.708668231964111,0.129329362864275,0.508958792244694,-0.667001779910747,"missense"
"CAATGGAAGAAAGTGTGAGC",0.61467832326889,0.0430874975621326,0.504113894368339,-0.120192624650737,"missense"
"AATGGAAGAAAGTGTGAGCA",0.637531101703644,0.262889218112317,0.626726588616199,0.416337980276459,"missense"
"TCTGTTGAAGCTGTCAATTC",0.35418426990509,0.011861249247594,0.267498941522781,0.413098885682775,"missense"
"AATTGACAGCTTCAACAGAA",0.569672048091888,0.0955434084562364,0.599437173954685,-1.46696995278144,"missense"
"ATTGACAGCTTCAACAGAAA",0.47897931933403,0.432471230779922,0.501090956182868,-1.28907910383104,"missense"
"GGTCAGGCCAGACACCACCA",0.765585482120514,0.532695454717541,0.681227119401887,-3.17104734819607,"missense"
"GGTCAACAAAAGAATGTCCA",0.635269582271576,0.242688933291327,0.577795310610141,-0.00932163290739751,"silent"
"CAACAAAAGAATGTCCATGG",0.636319220066071,0.052532095541979,0.726118311362658,-0.347101528617386,"silent"
"AGAATGTCCATGGTGGTGTC",0.521197915077209,0.0312600447592482,0.495830294566426,0.520080553245539,"missense"
"TCACAAATTCTTCTGGGGTC",0.400242149829865,0.0126325528275848,0.465459551602086,0.554862668754347,"silent"
"TACACTCACAAATTCTTCTG",0.643604934215546,0.0983021916055779,0.615496854317386,-1.58130237792867,"silent"
"ATACACTCACAAATTCTTCT",0.279821813106537,0.135884189451026,0.415204645209898,-1.07794343440504,"silent"
"GATACACTCACAAATTCTTC",0.313184142112732,0.0874086646789049,0.238486542972823,-0.693451977580785,"silent"
"TTAGATTAGTTAAAGTGATG",0.567004442214966,0.146975986828592,0.647720541500977,0.336647984296938,"missense"
"ACTCATGTTGTTATGAAAAC",0.351578444242477,0.180523118113595,0.43033395723709,-0.0417121757879659,"missense"
"ATGCTGAGTTTGTGTGTGAA",0.465357661247253,0.109713552884796,0.661518171226459,0.46290952052905,"missense"
"TAGGAATTGCGGGAGGAAAA",0.532311260700226,0.0499583262900098,0.322108574850502,-0.793710129246232,"missense"
"AGGAATTGCGGGAGGAAAAT",0.493590116500854,0.453194547372118,0.339430389173694,0.184104261064844,"missense"
"AGAAAGAAAAATGCTGAATG",0.60701447725296,0.0654319476551054,0.600482723871456,0.388962300398703,"missense"
"GTCAGAGGAGATGTGGTCAA",0.630398511886597,0.217019580579053,0.564918077741822,0.182914483311138,"silent"
"TTGCTCGCTTTGGACCTTGG",0.57558685541153,0.214821203764931,0.475642528346618,0.0167510518156924,"missense"
"CTCTTGCTCGCTTTGGACCT",0.357517302036285,0.0632218169927392,0.383227543197443,0.598399076057323,"missense"
"GTCAATGGAAGAAACCACCA",0.73219358921051,0.236522436589276,0.757816271378112,-1.87955519634542,"silent"
"TGGGATTCTCTTGCTCGCTT",0.425970017910004,0.107629020865669,0.323773970775175,0.32941553781018,"missense"
"GAGCTTTACCTTTCTGTCCT",0.378919690847397,0.106189460151755,0.469108677622115,0.614409313422289,"silent"
"AAAGCGAGCAAGAGAATCCC",0.670895993709564,0.16470277551439,0.531298346112138,-1.30354140640622,"nonsense"
"GGAGCTTTACCTTTCTGTCC",0.530347049236298,0.0303415915953646,0.324354310519809,0.25718750247371,"silent"
"AAGAGAATCCCAGGACAGAA",0.555786192417145,0.393107785935878,0.587431249599587,-0.622298942623768,"missense"
"TTTCTAGCCCCCTGAAGATC",0.328152894973755,0.0450844070580938,0.382859167931958,0.36077801116206,"missense"
"CTCTCTTCTTCCAGATCTTC",0.315461337566376,0.00965896693207405,0.139121011920378,-0.212769919134489,"not_targeting"
"CTCTTCTTCCAGATCTTCAG",0.632481575012207,0.296869258549245,0.516256415134197,-1.3629519013372,"silent"
"TCTTCTTCCAGATCTTCAGG",0.62716680765152,0.632778503563174,0.64079724077118,-0.412692054331754,"silent"
"GGGCTAGAAATCTGTTGCTA",0.56647002696991,0.0185737674488241,0.452586777082995,0.486677515891954,"silent"
"GGCTAGAAATCTGTTGCTAT",0.285000324249268,0.0460400853809283,0.5255763129391,0.297189402898917,"silent"
"CCTGTGGGCATGTTGGTGAA",0.571722745895386,0.411288232371515,0.627837814468534,0.472889882095721,"missense"
"ACCTGTGGGCATGTTGGTGA",0.631571114063263,0.0139755159242212,0.456002838753403,0.38598924479372,"missense"
"GCTCTTACCTGTGGGCATGT",0.386567294597626,0.178105220256731,0.502784535277822,0.148894045008182,"silent"
"TTCTCCCAGGCTCTTACCTG",0.648971199989319,0.0170240031901034,0.446295048739644,0.0830687956559627,"not_targeting"
"CCCTTCACCAACATGCCCAC",0.490653604269028,0.314125587213907,0.606481140292217,-0.674465979791101,"missense"
"TTTAGATCAACTGGAATGGA",0.536199510097504,0.173550144729289,0.548363850533874,0.0400942100925447,"nonsense"
"GAATGGATGGTACAGCTGTG",0.700155735015869,0.286372085877494,0.738048238637104,-1.29850450458346,"nonsense"
"ACAGCTGTGTGGTGCTTCTG",0.659408569335938,0.0676856888927252,0.558561930387621,0.588200423120208,"silent"
"GTGTGGTGCTTCTGTGGTGA",0.644717574119568,0.0619829865467648,0.488488104250275,0.525484252162451,"missense"
"CCCAATACTTACTGTGCCAA",0.431823968887329,0.176905803481372,0.635310170849086,0.0525755299511476,"silent"
"ACCCAATACTTACTGTGCCA",0.590942144393921,0.137295702418565,0.600968429314846,-0.249772255508358,"not_targeting"
"GAGCTTTCATCATTCACCCT",0.542421996593475,0.176463554282397,0.560009686780971,0.546068852585496,"missense"
"CCACAATTGGGTGGACACCC",0.52250862121582,0.108573825450379,0.526895647705134,-0.485506803429622,"missense"
"GCTGCACAACCACAATTGGG",0.657857835292816,0.650991125553324,0.673817213021419,-1.20008357388491,"missense"
"CTGGCTGCACAACCACAATT",0.414945095777512,0.126684595303155,0.44795017746555,-0.588228003733283,"silent"
"TCTGGCTGCACAACCACAAT",0.435796618461609,0.258531643545092,0.291193336759706,-0.144172307647016,"silent"
"CCAGGGTGTCCACCCAATTG",0.549456477165222,0.121015549599495,0.518987853284291,0.0146149213185952,"silent"
"TTGTCCTCTGTCCAGGCATC",0.339077562093735,0.0571371010787485,0.387666579093287,-0.0280238583833814,"missense"
"GAAGCCATTGTCCTCTGTCC",0.695693075656891,0.0185628877377521,0.517832180591883,0.57419516285419,"missense"
"TGGTTGTGCAGCCAGATGCC",0.458286583423615,0.139614604325726,0.507207342921628,0.303336678469335,"nonsense"
"GCAGCCAGATGCCTGGACAG",0.645292699337006,0.532192083363364,0.676290922540867,0.158359596321715,"missense"
"GATGCCTGGACAGAGGACAA",0.619458615779877,0.190078923768815,0.642022133872439,-0.0467906806286393,"missense"
"ACAGAGGACAATGGCTTCCA",0.645050346851349,0.164268443856997,0.551532722747473,-0.516443025179097,"silent"
"TCACACATCTGCCCAATTGC",0.398314237594604,0.232879604548883,0.369297557428883,-0.452729355263931,"missense"
"TGTTCTCTGTCTCCAGCAAT",0.487505316734314,0.105395046523177,0.294394926722871,0.246164605093403,"not_targeting"
"GTTCTCTGTCTCCAGCAATT",0.346228003501892,0.408100638497231,0.378359979208127,0.191492887897062,"not_targeting"
"AGCAATTGGGCAGATGTGTG",0.656474590301514,0.0256282594554462,0.630273564127652,0.439677688937293,"missense"
"ACCCACTCTCGGGTCACCAC",0.581637263298035,0.0839319558308177,0.54834347875615,0.340844642310475,"nonsense"
"GCAGATGTGTGAGGCACCTG",0.674210071563721,0.283378198907813,0.643478972631207,-0.179667632733727,"nonsense"
"ACTGTCCAACACCCACTCTC",0.512769460678101,0.0974044802160727,0.543763465051927,-0.920686179762078,"missense"
"CACTGTCCAACACCCACTCT",0.455839514732361,0.0263394645743758,0.454313716482477,0.0258206457227808,"missense"
"CACCTGTGGTGACCCGAGAG",0.605627715587616,0.0220757262970066,0.598021271631755,0.493801604847272,"missense"
"ACCTGTGGTGACCCGAGAGT",0.632483839988708,0.27014583054439,0.586134701116346,-0.06809446100565,"missense"
"GGTGACCCGAGAGTGGGTGT",0.641153693199158,0.141757561114158,0.608644572941059,-0.0817444052267978,"nonsense"
"TGTAGCACTCTACCAGTGCC",0.455606907606125,0.217576020482108,0.560668516288053,0.349115446318265,"missense"
"GGGGATCTGGGGTATCAGGT",0.761920869350433,0.171057839286542,0.552337031059756,0.150012644725706,"silent"
"TGTGGGGGATCTGGGGTATC",0.319078385829926,0.0235309750008876,0.344192485737415,0.588143415058004,"silent"
"TAGTGGCTGTGGGGGATCTG",0.666281223297119,0.15907601522829,0.535718556932775,0.388469627102039,"missense"
"GTAGTGGCTGTGGGGGATCT",0.561019003391266,0.02633322105446,0.295071125837398,0.362895252565288,"missense"
"AGTAGTGGCTGTGGGGGATC",0.534838080406189,0.00182705292997858,0.187070979110109,0.631957378887838,"missense"
"GCAGTCAGTAGTGGCTGTGG",0.662330746650696,0.243217996243011,0.573510071089583,0.291937740827075,"silent"
"TGCAGTCAGTAGTGGCTGTG",0.603332936763763,0.0194367537636493,0.559625738093052,0.586903837672398,"silent"
"CTGCAGTCAGTAGTGGCTGT",0.58027184009552,0.0587557795111882,0.465641614666495,0.714880375297266,"silent"
"GCTGCAGTCAGTAGTGGCTG",0.607828378677368,0.18499270865658,0.392113358718941,0.848091119278063,"silent"
"TGGCTGGCTGCAGTCAGTAG",0.648499608039856,0.265213246824424,0.528748861375131,0.518943765125401,"not_targeting"
